Step,x-coordinate,y-coordinate,Actions
1,0,0,F
2,0,1,F
3,0,2,RF
4,1,2,LF
5,1,3,LF
6,0,3,RF
7,0,4,RF
8,1,4,B
9,0,4,LF
10,0,3,LF
11,1,3,RF
12,1,2,LF
13,2,2,LF
14,2,3,F
15,2,4,RF
16,3,4,RF
17,3,3,F
18,3,2,F
19,3,1,B
20,3,2,F
21,3,3,F
22,3,4,LF
23,2,4,LF
24,2,3,F
25,2,2,RF
26,1,2,F
27,0,2,LF
28,0,1,LF
29,1,1,RF
30,1,0,LF
31,2,0,LF
32,2,1,B
33,2,0,LF
34,3,0,F
35,4,0,F
36,5,0,LF
37,5,1,LF
38,4,1,B
39,5,1,LF
40,5,2,F
41,5,3,LF
42,4,3,LF
43,4,2,B
44,4,3,F
45,4,4,RF
46,5,4,F
47,6,4,F
48,7,4,F
49,8,4,F
50,9,4,RF
51,9,3,B
52,9,4,LF
53,8,4,F
54,7,4,F
55,6,4,LF
56,6,3,LF
57,7,3,RF
58,7,2,LF
59,8,2,LF
60,8,3,B
61,8,2,F
62,8,1,LF
63,9,1,LF
64,9,2,B
65,9,1,F
66,9,0,RF
67,8,0,B
68,9,0,LF
69,9,1,LF
70,8,1,RF
71,8,2,LF
72,7,2,LF
73,7,1,F
74,7,0,RF
75,6,0,B
76,7,0,LF
77,7,1,F
78,7,2,F
79,7,3,LF
80,6,3,RF
81,6,4,LF
82,5,4,F
83,4,4,LF
84,4,3,LF
85,5,3,RF
86,5,2,LF
87,6,2,B
88,5,2,LF
89,5,1,LF
90,6,1,B
91,5,1,LF
92,5,0,RF
93,4,0,F
94,3,0,F
95,2,0,F
96,1,0,RF
97,1,1,LF
98,0,1,LF
